PITC Year,ACS Year,CoC Number,CoC Name,Type of Count,Total CoC Homeless,Total CoC Unsheltered Homeless,PITC Demographic,demographic homeless,demographic unsheltered,ACS Demographic,ACS Estimate,variable,ACS Total County/CoC Population,ACS Percent,geography,state,county_fips,overall unsheltered rate,overall homeless rate,demographic homeless rate,demographic unsheltered rate,demographic vs overall homeless rate,demographic vs overall unsheltered rate,demographic pct of unsheltered,demographic pct of all homeless
2019,2019,CA-502,"Oakland, Berkeley/Alameda County CoC",Sheltered and unsheltered,8022.0,6312.0,Non-Hispanic/Non-Latino,6635.0,5227.0,Not Hispanic or Latino,1285735,ethnicity,1656754,0.7759999999999999,Alameda County,California,06001,380.9859520484031,484.1998268904134,516.0472414611098,406.53789466725254,1.065773287808102,1.0670679390708957,0.8281051964512041,0.8271004736973323
2017,2019,CA-502,"Oakland, Berkeley/Alameda County CoC",Sheltered and unsheltered,5629.0,3863.0,Non-Hispanic/Non-Latino,4677.0,3240.0,Not Hispanic or Latino,1285735,ethnicity,1656754,0.7759999999999999,Alameda County,California,06001,233.16678275712627,339.76076110273465,363.7608060759021,251.99594006541005,1.070638071610366,1.080754029736289,0.838726378462335,0.8308758216379464
2015,2019,CA-502,"Oakland, Berkeley/Alameda County CoC",Sheltered and unsheltered,4040.0,2397.0,Non-Hispanic/Non-Latino,3280.0,1957.0,Not Hispanic or Latino,1285735,ethnicity,1656754,0.7759999999999999,Alameda County,California,06001,144.68050175222152,243.8503241881414,255.1070010538719,152.20865886049614,1.0461622386732834,1.052032976227628,0.8164372131831455,0.8118811881188119
2019,2019,CA-503,Sacramento City & County CoC,Sheltered and unsheltered,5561.0,3900.0,Non-Hispanic/Non-Latino,4576.0,3237.0,Not Hispanic or Latino,1171235,ethnicity,1524553,0.768,Sacramento County,California,06067,255.8126873909926,364.76265502084874,390.69870692047283,276.37493756590266,1.0711039124828765,1.0803801030536144,0.83,0.82287358388779
2017,2019,CA-503,Sacramento City & County CoC,Sheltered and unsheltered,3665.0,2052.0,Non-Hispanic/Non-Latino,3009.0,1682.0,Not Hispanic or Latino,1171235,ethnicity,1524553,0.768,Sacramento County,California,06067,134.59682936572227,240.39833315076618,256.90830618962036,143.6090963811703,1.0686775686938725,1.066957498612097,0.8196881091617934,0.8210095497953616
2015,2019,CA-503,Sacramento City & County CoC,Sheltered and unsheltered,2659.0,948.0,Non-Hispanic/Non-Latino,2208.0,795.0,Not Hispanic or Latino,1171235,ethnicity,1524553,0.768,Sacramento County,California,06067,62.18216093504128,174.41177840324343,188.51895648610227,67.87706993045802,1.0808843199238687,1.0915842889629703,0.8386075949367089,0.8303873636705529
2019,2019,CA-600,Los Angeles City & County CoC,Sheltered and unsheltered,56257.0,42471.0,Non-Hispanic/Non-Latino,35734.0,26584.0,Not Hispanic or Latino,4667500,ethnicity,10098810,0.4621831681158473,Los Angeles Continuum of Care,California,06037,420.5545009758576,557.065634465843,765.5918585966792,569.5554365291913,1.3743297220816486,1.354296375874211,0.6259329895693532,0.6351920649874683
2017,2019,CA-600,Los Angeles City & County CoC,Sheltered and unsheltered,52442.0,38470.0,Non-Hispanic/Non-Latino,34087.0,24535.0,Not Hispanic or Latino,4667500,ethnicity,10098810,0.4621831681158473,Los Angeles Continuum of Care,California,06037,380.9359716639881,519.2889063166848,730.3053026245314,525.6561328334226,1.4063564496391525,1.379906787319859,0.637769690668053,0.6499942793943786
2015,2019,CA-600,Los Angeles City & County CoC,Sheltered and unsheltered,41174.0,28948.0,Non-Hispanic/Non-Latino,30076.0,22050.0,Not Hispanic or Latino,4667500,ethnicity,10098810,0.4621831681158473,Los Angeles Continuum of Care,California,06037,286.64763472131864,407.71140362082264,644.3706480985538,472.4156400642742,1.5804577511837947,1.648070951374013,0.76171065358574,0.7304609705153737
2019,2019,CA-601,San Diego City and County CoC,Sheltered and unsheltered,8102.0,4476.0,Non-Hispanic/Non-Latino,5750.0,3267.0,Not Hispanic or Latino,2198556,ethnicity,3316073,0.6629999999999999,San Diego County,California,06073,134.97893442032188,244.3251400074727,261.53529862327815,148.59753401778258,1.0704395733295358,1.1008942592112383,0.7298927613941019,0.7097013083189336
2017,2019,CA-601,San Diego City and County CoC,Sheltered and unsheltered,9160.0,5621.0,Non-Hispanic/Non-Latino,6678.0,4346.0,Not Hispanic or Latino,2198556,ethnicity,3316073,0.6629999999999999,San Diego County,California,06073,169.50772796618168,276.23034836687856,303.74482160108727,197.67520135943775,1.0996069888659195,1.1661722077879288,0.773172033446006,0.7290393013100437
2015,2019,CA-601,San Diego City and County CoC,Sheltered and unsheltered,8742.0,4156.0,Non-Hispanic/Non-Latino,6332.0,3247.0,Not Hispanic or Latino,2198556,ethnicity,3316073,0.6629999999999999,San Diego County,California,06073,125.32896591842218,263.6250770112721,288.00721928393,147.68784602257116,1.0924879474634175,1.1784015366304275,0.7812800769971127,0.7243193777167696
2019,2019,OR-501,"Portland, Gresham/Multnomah County CoC",Sheltered and unsheltered,4015.0,2037.0,Non-Hispanic/Non-Latino,3633.0,1861.0,Not Hispanic or Latino,711330,ethnicity,804606,0.884,Multnomah County,Oregon,41051,253.1673887592188,499.001996007984,510.7334148707351,261.6225942951935,1.0235097634009531,1.0333976882939542,0.9135984290623466,0.9048567870485679
2017,2019,OR-501,"Portland, Gresham/Multnomah County CoC",Sheltered and unsheltered,4177.0,1668.0,Non-Hispanic/Non-Latino,3709.0,1486.0,Not Hispanic or Latino,711330,ethnicity,804606,0.884,Multnomah County,Oregon,41051,207.3064332107889,519.1360740536362,521.4176261369547,208.90444660003095,1.004394901832776,1.0077084601982285,0.8908872901678657,0.8879578644960497
2015,2019,OR-501,"Portland, Gresham/Multnomah County CoC",Sheltered and unsheltered,3801.0,1887.0,Non-Hispanic/Non-Latino,3376.0,1684.0,Not Hispanic or Latino,711330,ethnicity,804606,0.884,Multnomah County,Oregon,41051,234.52472390213347,472.4051274785423,474.60391098365034,236.73962858307678,1.0046544446222336,1.0094442267923427,0.8924218335983042,0.8881873191265457
2019,2019,WA-500,Seattle/King County CoC,Sheltered and unsheltered,11199.0,5228.0,Non-Hispanic/Non-Latino,9567.0,4409.0,Not Hispanic or Latino,1983261,ethnicity,2195502,0.903,King County,Washington,53033,238.1232173780757,510.0883533697533,482.3873408492377,222.31062880780695,0.9456936973026011,0.9335949314628879,0.8433435348125479,0.8542727029199035
2017,2019,WA-500,Seattle/King County CoC,Sheltered and unsheltered,11643.0,5485.0,Non-Hispanic/Non-Latino,10045.0,4725.0,Not Hispanic or Latino,1983261,ethnicity,2195502,0.903,King County,Washington,53033,249.82896850014257,530.3115187323901,506.489060189254,238.24398301585114,0.955078368653807,0.9536283340004872,0.8614402917046491,0.8627501503049042
2015,2019,WA-500,Seattle/King County CoC,Sheltered and unsheltered,10122.0,3803.0,Non-Hispanic/Non-Latino,8803.0,3248.0,Not Hispanic or Latino,1983261,ethnicity,2195502,0.903,King County,Washington,53033,173.2177880047479,461.03351306443807,443.86492751080164,163.77067869534065,0.9627606560756966,0.9454610902365969,0.8540625821719695,0.869689784627544
2019,2019,CA-502,"Oakland, Berkeley/Alameda County CoC",Sheltered and unsheltered,8022.0,6312.0,Hispanic/Latino,1387.0,1085.0,Hispanic or Latino (of any race),371019,ethnicity,1656754,0.2239999999999999,Alameda County,California,06001,380.9859520484031,484.1998268904134,373.8353022351955,292.437853587013,0.7720682277728361,0.7675817231966068,0.17189480354879594,0.17289952630266767
2017,2019,CA-502,"Oakland, Berkeley/Alameda County CoC",Sheltered and unsheltered,5629.0,3863.0,Hispanic/Latino,952.0,623.0,Hispanic or Latino (of any race),371019,ethnicity,1656754,0.2239999999999999,Alameda County,California,06001,233.16678275712627,339.76076110273465,256.59063282473403,167.9159288338333,0.75520973049371,0.7201537322266857,0.16127362153766503,0.16912417836205365
2015,2019,CA-502,"Oakland, Berkeley/Alameda County CoC",Sheltered and unsheltered,4040.0,2397.0,Hispanic/Latino,760.0,440.0,Hispanic or Latino (of any race),371019,ethnicity,1656754,0.2239999999999999,Alameda County,California,06001,144.68050175222152,243.8503241881414,204.84126149873725,118.59230928874263,0.8400286617650469,0.8196841167432687,0.1835627868168544,0.18811881188118812
2019,2019,CA-503,Sacramento City & County CoC,Sheltered and unsheltered,5561.0,3900.0,Hispanic/Latino,985.0,663.0,Hispanic or Latino (of any race),353318,ethnicity,1524553,0.2319999999999999,Sacramento County,California,06067,255.8126873909926,364.76265502084874,278.78568315228773,187.64965272077845,0.7642933817782228,0.7335431820626179,0.17,0.17712641611221003
2017,2019,CA-503,Sacramento City & County CoC,Sheltered and unsheltered,3665.0,2052.0,Hispanic/Latino,656.0,370.0,Hispanic or Latino (of any race),353318,ethnicity,1524553,0.2319999999999999,Sacramento County,California,06067,134.59682936572227,240.39833315076618,185.66843466791954,104.72152565111315,0.772336614129006,0.7780385774657969,0.18031189083820662,0.17899045020463847
2015,2019,CA-503,Sacramento City & County CoC,Sheltered and unsheltered,2659.0,948.0,Hispanic/Latino,451.0,153.0,Hispanic or Latino (of any race),353318,ethnicity,1524553,0.2319999999999999,Sacramento County,California,06067,62.18216093504128,174.41177840324343,127.6470488341947,43.30376601248733,0.7318717233596016,0.6964017551227384,0.16139240506329114,0.16961263632944715
2019,2019,CA-600,Los Angeles City & County CoC,Sheltered and unsheltered,56257.0,42471.0,Hispanic/Latino,20523.0,15887.0,Hispanic or Latino (of any race),4603241,ethnicity,10098810,0.4558201411849515,Los Angeles Continuum of Care,California,06037,420.5545009758576,557.065634465843,445.83805192906476,345.1264011595309,0.8003330744977085,0.8206460764507267,0.3740670104306468,0.3648079350125318
2017,2019,CA-600,Los Angeles City & County CoC,Sheltered and unsheltered,52442.0,38470.0,Hispanic/Latino,18355.0,13935.0,Hispanic or Latino (of any race),4603241,ethnicity,10098810,0.4558201411849515,Los Angeles Continuum of Care,California,06037,380.9359716639881,519.2889063166848,398.74080023183666,302.7214955723587,0.7678592694384796,0.7946781561479315,0.362230309331947,0.35000572060562146
2015,2019,CA-600,Los Angeles City & County CoC,Sheltered and unsheltered,41174.0,28948.0,Hispanic/Latino,11098.0,6898.0,Hispanic or Latino (of any race),4603241,ethnicity,10098810,0.4558201411849515,Los Angeles Continuum of Care,California,06037,286.64763472131864,407.71140362082264,241.09100522870736,149.85094197761967,0.5913275986092491,0.5227705511099231,0.23828934641426006,0.2695390294846262
2019,2019,CA-601,San Diego City and County CoC,Sheltered and unsheltered,8102.0,4476.0,Hispanic/Latino,2352.0,1209.0,Hispanic or Latino (of any race),1117517,ethnicity,3316073,0.337,San Diego County,California,06073,134.97893442032188,244.3251400074727,210.4665969287268,108.1862736763736,0.8614201425292938,0.8015048728973039,0.27010723860589814,0.2902986916810664
2017,2019,CA-601,San Diego City and County CoC,Sheltered and unsheltered,9160.0,5621.0,Hispanic/Latino,2482.0,1275.0,Hispanic or Latino (of any race),1117517,ethnicity,3316073,0.337,San Diego County,California,06073,169.50772796618168,276.23034836687856,222.0995295821003,114.092224100394,0.8040373944977118,0.6730797791305211,0.22682796655399395,0.2709606986899563
2015,2019,CA-601,San Diego City and County CoC,Sheltered and unsheltered,8742.0,4156.0,Hispanic/Latino,2410.0,909.0,Hispanic or Latino (of any race),1117517,ethnicity,3316073,0.337,San Diego County,California,06073,125.32896591842218,263.6250770112721,215.65667457407807,81.3410444762809,0.8180430974890034,0.6490203113079746,0.2187199230028874,0.27568062228323037
2019,2019,OR-501,"Portland, Gresham/Multnomah County CoC",Sheltered and unsheltered,4015.0,2037.0,Hispanic/Latino,382.0,176.0,Hispanic or Latino (of any race),93276,ethnicity,804606,0.1159999999999999,Multnomah County,Oregon,41051,253.1673887592188,499.001996007984,409.53728719070284,188.68733650671126,0.8207127235301686,0.7453066425003384,0.08640157093765341,0.09514321295143213
2017,2019,OR-501,"Portland, Gresham/Multnomah County CoC",Sheltered and unsheltered,4177.0,1668.0,Hispanic/Latino,468.0,182.0,Hispanic or Latino (of any race),93276,ethnicity,804606,0.1159999999999999,Multnomah County,Oregon,41051,207.3064332107889,519.1360740536362,501.7367811655731,195.11985934216733,0.9664841382487601,0.9412146855267619,0.1091127098321343,0.1120421355039502
2015,2019,OR-501,"Portland, Gresham/Multnomah County CoC",Sheltered and unsheltered,3801.0,1887.0,Hispanic/Latino,425.0,203.0,Hispanic or Latino (of any race),93276,ethnicity,804606,0.1159999999999999,Multnomah County,Oregon,41051,234.52472390213347,472.4051274785423,455.637034178138,217.63368926626356,0.9645048448353983,0.9279775950491322,0.10757816640169582,0.11181268087345435
2019,2019,WA-500,Seattle/King County CoC,Sheltered and unsheltered,11199.0,5228.0,Hispanic/Latino,1632.0,819.0,Hispanic or Latino (of any race),212241,ethnicity,2195502,0.0969999999999999,King County,Washington,53033,238.1232173780757,510.0883533697533,768.937198750477,385.8820868729416,1.5074588425136795,1.620514333385075,0.1566564651874522,0.14572729708009644
2017,2019,WA-500,Seattle/King County CoC,Sheltered and unsheltered,11643.0,5485.0,Hispanic/Latino,1598.0,760.0,Hispanic or Latino (of any race),212241,ethnicity,2195502,0.0969999999999999,King County,Washington,53033,249.82896850014257,530.3115187323901,752.9176737765088,358.0834994181143,1.419764887581957,1.4333145654320305,0.13855970829535097,0.13724984969509577
2015,2019,WA-500,Seattle/King County CoC,Sheltered and unsheltered,10122.0,3803.0,Hispanic/Latino,1319.0,555.0,Hispanic or Latino (of any race),212241,ethnicity,2195502,0.0969999999999999,King County,Washington,53033,173.2177880047479,461.03351306443807,621.4633364901221,261.4951870750703,1.3479786585563487,1.5096324118161741,0.1459374178280305,0.13031021537245605
2019,2019,CA-502,"Oakland, Berkeley/Alameda County CoC",Sheltered and unsheltered,8022.0,6312.0,White,2516.0,2110.0,White,670364,one race,1656754,0.405,Alameda County,California,06001,380.9859520484031,484.1998268904134,375.3184836894583,314.7543722514932,0.7751313875921775,0.8261574227584765,0.3342839036755387,0.3136374968835702
2017,2019,CA-502,"Oakland, Berkeley/Alameda County CoC",Sheltered and unsheltered,5629.0,3863.0,White,1710.0,1240.0,White,670364,one race,1656754,0.405,Alameda County,California,06001,233.16678275712627,339.76076110273465,255.08529694315325,184.97413345585383,0.750779154471055,0.7933125433588395,0.3209940460781776,0.3037839758394031
2015,2019,CA-502,"Oakland, Berkeley/Alameda County CoC",Sheltered and unsheltered,4040.0,2397.0,White,1279.0,898.0,White,670364,one race,1656754,0.405,Alameda County,California,06001,144.68050175222152,243.8503241881414,190.79186829841697,133.95707406722318,0.7824138390368205,0.9258820120532677,0.37463496036712557,0.3165841584158416
2019,2019,CA-503,Sacramento City & County CoC,Sheltered and unsheltered,5561.0,3900.0,White,2605.0,1768.0,White,873905,one race,1524553,0.573,Sacramento County,California,06067,255.8126873909926,364.76265502084874,298.0873207041955,202.3103197715999,0.8172089894651023,0.7908533459967999,0.4533333333333333,0.46844092789066716
2017,2019,CA-503,Sacramento City & County CoC,Sheltered and unsheltered,3665.0,2052.0,White,1817.0,1070.0,White,873905,one race,1524553,0.573,Sacramento County,California,06067,134.59682936572227,240.39833315076618,207.91733655260012,122.43893787082119,0.8648867645109853,0.9096717838585481,0.5214424951267057,0.4957708049113233
2015,2019,CA-503,Sacramento City & County CoC,Sheltered and unsheltered,2659.0,948.0,White,1485.0,652.0,White,873905,one race,1524553,0.573,Sacramento County,California,06067,62.18216093504128,174.41177840324343,169.92693713847615,74.60765186147236,0.9742859037054353,1.1998240450249291,0.6877637130801688,0.5584806318164723
2019,2019,CA-600,Los Angeles City & County CoC,Sheltered and unsheltered,56257.0,42471.0,White,26152.0,20446.0,White,4707974,one race,10098810,0.4661909670545341,Los Angeles Continuum of Care,California,06037,420.5545009758576,557.065634465843,555.4831016483948,434.2844714095702,0.9971591627278075,1.0326473035049049,0.48141084504720866,0.4648665943793661
2017,2019,CA-600,Los Angeles City & County CoC,Sheltered and unsheltered,52442.0,38470.0,White,21089.0,15535.0,White,4707974,one race,10098810,0.4661909670545341,Los Angeles Continuum of Care,California,06037,380.9359716639881,519.2889063166848,447.9421509124732,329.97208565722747,0.8626068176378464,0.8662140364845505,0.4038211593449441,0.40213950650242175
2015,2019,CA-600,Los Angeles City & County CoC,Sheltered and unsheltered,41174.0,28948.0,White,19514.0,13606.0,White,4707974,one race,10098810,0.4661909670545341,Los Angeles Continuum of Care,California,06037,286.64763472131864,407.71140362082264,414.4882703260468,288.9990471485187,1.0166217246931035,1.0082031461012617,0.47001519966837085,0.47393986496332635
2019,2019,CA-601,San Diego City and County CoC,Sheltered and unsheltered,8102.0,4476.0,White,5377.0,3100.0,White,2345667,one race,3316073,0.7070000000000001,San Diego County,California,06073,134.97893442032188,244.3251400074727,229.23117390490637,132.1585715278426,0.938221805164607,0.979105162560428,0.6925826630920465,0.6636632930140706
2017,2019,CA-601,San Diego City and County CoC,Sheltered and unsheltered,9160.0,5621.0,White,5700.0,3405.0,White,2345667,one race,3316073,0.7070000000000001,San Diego County,California,06073,169.50772796618168,276.23034836687856,243.00124442216222,145.16126969429166,0.8797050934440312,0.8563696265414674,0.6057640989147839,0.6222707423580786
2015,2019,CA-601,San Diego City and County CoC,Sheltered and unsheltered,8742.0,4156.0,White,5704.0,2666.0,White,2345667,one race,3316073,0.7070000000000001,San Diego County,California,06073,125.32896591842218,263.6250770112721,243.17177161123038,113.65637151394465,0.9224151752484185,0.9068643523949975,0.6414821944177094,0.6524822695035462
2019,2019,OR-501,"Portland, Gresham/Multnomah County CoC",Sheltered and unsheltered,4015.0,2037.0,White,2704.0,1388.0,White,627124,one race,804606,0.779,Multnomah County,Oregon,41051,253.1673887592188,499.001996007984,431.17469591340785,221.327839470344,0.8640740906104694,0.8742351870636996,0.6813942071674031,0.6734744707347448
2017,2019,OR-501,"Portland, Gresham/Multnomah County CoC",Sheltered and unsheltered,4177.0,1668.0,White,2880.0,1225.0,White,627124,one race,804606,0.779,Multnomah County,Oregon,41051,207.3064332107889,519.1360740536362,459.23932109120364,195.33616956136268,0.8846222484699761,0.9422581177823128,0.7344124700239808,0.6894900646396935
2015,2019,OR-501,"Portland, Gresham/Multnomah County CoC",Sheltered and unsheltered,3801.0,1887.0,White,2664.0,1363.0,White,627124,one race,804606,0.779,Multnomah County,Oregon,41051,234.52472390213347,472.4051274785423,424.7963720093634,217.34138703031618,0.8992204938094339,0.9267312350445923,0.7223105458399576,0.7008681925808997
2019,2019,WA-500,Seattle/King County CoC,Sheltered and unsheltered,11199.0,5228.0,White,4742.0,2277.0,White,1404324,one race,2195502,0.64,King County,Washington,53033,238.1232173780757,510.0883533697533,337.6713635884596,162.14206977876898,0.6619860292000984,0.680916676517649,0.43553940321346596,0.42343066345209396
2017,2019,WA-500,Seattle/King County CoC,Sheltered and unsheltered,11643.0,5485.0,White,5253.0,2668.0,White,1404324,one race,2195502,0.64,King County,Washington,53033,249.82896850014257,530.3115187323901,374.0589778427201,189.9846474175475,0.7053570677416883,0.7604588393336743,0.4864175022789426,0.4511723782530276
2015,2019,WA-500,Seattle/King County CoC,Sheltered and unsheltered,10122.0,3803.0,White,4658.0,2073.0,White,1404324,one race,2195502,0.64,King County,Washington,53033,173.2177880047479,461.03351306443807,331.68983795762233,147.61550753244978,0.7194484317483064,0.852196008463078,0.5450959768603734,0.4601857340446552
2019,2019,CA-502,"Oakland, Berkeley/Alameda County CoC",Sheltered and unsheltered,8022.0,6312.0,Black or African American,3792.0,2792.0,Black or African American,175751,one race,1656754,0.106,Alameda County,California,06001,380.9859520484031,484.1998268904134,2157.5979653031845,1588.611160107197,4.456007304173413,4.169736840862229,0.4423320659062104,0.47270007479431564
2017,2019,CA-502,"Oakland, Berkeley/Alameda County CoC",Sheltered and unsheltered,5629.0,3863.0,Black or African American,2747.0,1724.0,Black or African American,175751,one race,1656754,0.106,Alameda County,California,06001,233.16678275712627,339.76076110273465,1563.0067538733776,980.9332521578824,4.600315671534435,4.207002560822108,0.44628527051514366,0.4880085272694972
2015,2019,CA-502,"Oakland, Berkeley/Alameda County CoC",Sheltered and unsheltered,4040.0,2397.0,Black or African American,2143.0,1148.0,Black or African American,175751,one race,1656754,0.106,Alameda County,California,06001,144.68050175222152,243.8503241881414,1219.3387235350012,653.1968523649937,5.000357196959176,4.514753850409314,0.4789319983312474,0.5304455445544555
2019,2019,CA-503,Sacramento City & County CoC,Sheltered and unsheltered,5561.0,3900.0,Black or African American,1869.0,1214.0,Black or African American,149891,one race,1524553,0.098,Sacramento County,California,06067,255.8126873909926,364.76265502084874,1246.9060850884975,809.9218765636361,3.4184039071029027,3.166073914565952,0.3112820512820513,0.33609063118144217
2017,2019,CA-503,Sacramento City & County CoC,Sheltered and unsheltered,3665.0,2052.0,Black or African American,1124.0,481.0,Black or African American,149891,one race,1524553,0.098,Sacramento County,California,06067,134.59682936572227,240.39833315076618,749.8782448579301,320.8998538938295,3.1193154920406325,2.3841561157573077,0.23440545808966862,0.30668485675306956
2015,2019,CA-503,Sacramento City & County CoC,Sheltered and unsheltered,2659.0,948.0,Black or African American,921.0,250.0,Black or African American,149891,one race,1524553,0.098,Sacramento County,California,06067,62.18216093504128,174.41177840324343,614.4464977883929,166.78786584918376,3.5229644661255652,2.682246215653699,0.26371308016877637,0.3463708160962768
2019,2019,CA-600,Los Angeles City & County CoC,Sheltered and unsheltered,56257.0,42471.0,Black or African American,23983.0,16646.0,Black or African American,745050,one race,10098810,0.073776019154732,Los Angeles Continuum of Care,California,06037,420.5545009758576,557.065634465843,3218.9785920408026,2234.2124689618145,5.778454804750978,5.3125396679325325,0.3919380283016647,0.4263113923600619
2017,2019,CA-600,Los Angeles City & County CoC,Sheltered and unsheltered,52442.0,38470.0,Black or African American,26665.0,19669.0,Black or African American,745050,one race,10098810,0.073776019154732,Los Angeles Continuum of Care,California,06037,380.9359716639881,519.2889063166848,3578.9544325884167,2639.9570498624253,6.892029444599411,6.930185769358244,0.5112815180660255,0.5084664963197437
2015,2019,CA-600,Los Angeles City & County CoC,Sheltered and unsheltered,41174.0,28948.0,Black or African American,16906.0,11403.0,Black or African American,745050,one race,10098810,0.073776019154732,Los Angeles Continuum of Care,California,06037,286.64763472131864,407.71140362082264,2269.1094557412252,1530.5013086370043,5.565479492576394,5.339312533051149,0.3939132237114827,0.41059892164958467
2019,2019,CA-601,San Diego City and County CoC,Sheltered and unsheltered,8102.0,4476.0,Black or African American,1925.0,986.0,Black or African American,166750,one race,3316073,0.05,San Diego County,California,06073,134.97893442032188,244.3251400074727,1154.4227886056972,591.304347826087,4.724944754233596,4.380715778839803,0.22028596961572833,0.23759565539372995
2017,2019,CA-601,San Diego City and County CoC,Sheltered and unsheltered,9160.0,5621.0,Black or African American,2064.0,1188.0,Black or African American,166750,one race,3316073,0.05,San Diego County,California,06073,169.50772796618168,276.23034836687856,1237.7811094452775,712.4437781109445,4.480974363473285,4.2030165034899385,0.21135029354207435,0.22532751091703057
2015,2019,CA-601,San Diego City and County CoC,Sheltered and unsheltered,8742.0,4156.0,Black or African American,2045.0,913.0,Black or African American,166750,one race,3316073,0.05,San Diego County,California,06073,125.32896591842218,263.6250770112721,1226.3868065967017,547.5262368815593,4.652011183838417,4.368712634539324,0.21968238691049086,0.23392816289178678
2019,2019,OR-501,"Portland, Gresham/Multnomah County CoC",Sheltered and unsheltered,4015.0,2037.0,Black or African American,568.0,253.0,Black or African American,43988,one race,804606,0.055,Multnomah County,Oregon,41051,253.1673887592188,499.001996007984,1291.261253069019,575.1568609620806,2.587687551150314,2.271844188862326,0.12420225822287678,0.1414694894146949
2017,2019,OR-501,"Portland, Gresham/Multnomah County CoC",Sheltered and unsheltered,4177.0,1668.0,Black or African American,591.0,153.0,Black or African American,43988,one race,804606,0.055,Multnomah County,Oregon,41051,207.3064332107889,519.1360740536362,1343.548240429208,347.8221333090843,2.588046386255167,1.677816399240342,0.09172661870503597,0.1414891070146038
2015,2019,OR-501,"Portland, Gresham/Multnomah County CoC",Sheltered and unsheltered,3801.0,1887.0,Black or African American,573.0,257.0,Black or African American,43988,one race,804606,0.055,Multnomah County,Oregon,41051,234.52472390213347,472.4051274785423,1302.6279894516686,584.2502500682004,2.7574382953979195,2.4912096274847615,0.13619501854795973,0.15074980268350435
2019,2019,WA-500,Seattle/King County CoC,Sheltered and unsheltered,11199.0,5228.0,Black or African American,3570.0,1250.0,Black or African American,141790,one race,2195502,0.065,King County,Washington,53033,238.1232173780757,510.0883533697533,2517.8080259538756,881.5854432611609,4.93602335619054,3.7022238023159244,0.23909716908951797,0.31877846236271096
2017,2019,WA-500,Seattle/King County CoC,Sheltered and unsheltered,11643.0,5485.0,Black or African American,3402.0,1339.0,Black or African American,141790,one race,2195502,0.065,King County,Washington,53033,249.82896850014257,530.3115187323901,2399.322942379575,944.3543268213556,4.524365128094342,3.7800033058248674,0.24412032816773016,0.29219273383148675
2015,2019,WA-500,Seattle/King County CoC,Sheltered and unsheltered,10122.0,3803.0,Black or African American,3340.0,664.0,Black or African American,141790,one race,2195502,0.065,King County,Washington,53033,173.2177880047479,461.03351306443807,2355.596304393822,468.2981874603287,5.109381937847505,2.7035225010926283,0.1745990007888509,0.329974313376803
2019,2019,CA-502,"Oakland, Berkeley/Alameda County CoC",Sheltered and unsheltered,8022.0,6312.0,Asian,126.0,91.0,Asian,499382,one race,1656754,0.301,Alameda County,California,06001,380.9859520484031,484.1998268904134,25.23118574558154,18.222523038475558,0.052109035039560214,0.047829908007107944,0.014416983523447401,0.015706806282722512
2017,2019,CA-502,"Oakland, Berkeley/Alameda County CoC",Sheltered and unsheltered,5629.0,3863.0,Asian,130.0,81.0,Asian,499382,one race,1656754,0.301,Alameda County,California,06001,233.16678275712627,339.76076110273465,26.032175769250795,16.220047979302418,0.07661913543153194,0.06956414540486978,0.020968159461558375,0.023094688221709007
2015,2019,CA-502,"Oakland, Berkeley/Alameda County CoC",Sheltered and unsheltered,4040.0,2397.0,Asian,106.0,64.0,Asian,499382,one race,1656754,0.301,Alameda County,California,06001,144.68050175222152,243.8503241881414,21.226235627235265,12.815840378708083,0.08704616529793201,0.08858028707044693,0.026700041718815185,0.026237623762376237
2019,2019,CA-503,Sacramento City & County CoC,Sheltered and unsheltered,5561.0,3900.0,Asian,49.0,32.0,Asian,239447,one race,1524553,0.157,Sacramento County,California,06067,255.8126873909926,364.76265502084874,20.463818715623916,13.364126508162558,0.0561017374831156,0.05224184400102245,0.008205128205128205,0.008811364862434813
2017,2019,CA-503,Sacramento City & County CoC,Sheltered and unsheltered,3665.0,2052.0,Asian,24.0,14.0,Asian,239447,one race,1524553,0.157,Sacramento County,California,06067,134.59682936572227,240.39833315076618,10.023094881121919,5.846805347321119,0.04169369541691423,0.043439398794709816,0.00682261208576998,0.006548431105047749
2015,2019,CA-503,Sacramento City & County CoC,Sheltered and unsheltered,2659.0,948.0,Asian,22.0,11.0,Asian,239447,one race,1524553,0.157,Sacramento County,California,06067,62.18216093504128,174.41177840324343,9.187836974361758,4.593918487180879,0.052678993692268306,0.07387839885429401,0.011603375527426161,0.008273787138021812
2019,2019,CA-600,Los Angeles City & County CoC,Sheltered and unsheltered,56257.0,42471.0,Asian,770.0,657.0,Asian,1355587,one race,10098810,0.1342323501481857,Los Angeles Continuum of Care,California,06037,420.5545009758576,557.065634465843,56.80196106926372,48.46608886039775,0.10196637084556431,0.11524330080390698,0.015469379105742743,0.013687185594681552
2017,2019,CA-600,Los Angeles City & County CoC,Sheltered and unsheltered,52442.0,38470.0,Asian,893.0,773.0,Asian,1355587,one race,10098810,0.1342323501481857,Los Angeles Continuum of Care,California,06037,380.9359716639881,519.2889063166848,65.87552108422403,57.02326741109202,0.1268571700317632,0.1496925248671199,0.020093579412529244,0.017028336066511576
2015,2019,CA-600,Los Angeles City & County CoC,Sheltered and unsheltered,41174.0,28948.0,Asian,710.0,561.0,Asian,1355587,one race,10098810,0.1342323501481857,Los Angeles Continuum of Care,California,06037,286.64763472131864,407.71140362082264,52.37583423269771,41.38428592189214,0.12846301027529752,0.1443733731210666,0.019379577172861682,0.017243891776363724
2019,2019,CA-601,San Diego City and County CoC,Sheltered and unsheltered,8102.0,4476.0,Asian,149.0,60.0,Asian,394742,one race,3316073,0.119,San Diego County,California,06073,134.97893442032188,244.3251400074727,37.746173450000256,15.199801389261848,0.1544915658243183,0.11260869301227369,0.013404825737265416,0.01839052085904715
2017,2019,CA-601,San Diego City and County CoC,Sheltered and unsheltered,9160.0,5621.0,Asian,192.0,136.0,Asian,394742,one race,3316073,0.119,San Diego County,California,06073,169.50772796618168,276.23034836687856,48.63936444563791,34.45288314899352,0.17608262355386445,0.20325258064851878,0.02419498309909269,0.02096069868995633
2015,2019,CA-601,San Diego City and County CoC,Sheltered and unsheltered,8742.0,4156.0,Asian,99.0,30.0,Asian,394742,one race,3316073,0.119,San Diego County,California,06073,125.32896591842218,263.6250770112721,25.079672292282048,7.599900694630924,0.09513386426136422,0.060639618614405325,0.007218479307025986,0.011324639670555936
2019,2019,OR-501,"Portland, Gresham/Multnomah County CoC",Sheltered and unsheltered,4015.0,2037.0,Asian,47.0,18.0,Asian,59715,one race,804606,0.074,Multnomah County,Oregon,41051,253.1673887592188,499.001996007984,78.7071924976974,30.143180105501127,0.1577292137653856,0.11906422961201198,0.008836524300441826,0.011706102117061022
2017,2019,OR-501,"Portland, Gresham/Multnomah County CoC",Sheltered and unsheltered,4177.0,1668.0,Asian,27.0,9.0,Asian,59715,one race,804606,0.074,Multnomah County,Oregon,41051,207.3064332107889,519.1360740536362,45.214770158251696,15.071590052750564,0.0870961823269099,0.07270198912460084,0.00539568345323741,0.006463969355997127
2015,2019,OR-501,"Portland, Gresham/Multnomah County CoC",Sheltered and unsheltered,3801.0,1887.0,Asian,38.0,17.0,Asian,59715,one race,804606,0.074,Multnomah County,Oregon,41051,234.52472390213347,472.4051274785423,63.635602444946834,28.468558988528848,0.13470557100978398,0.12138830616600021,0.009009009009009009,0.009997369113391212
2019,2019,WA-500,Seattle/King County CoC,Sheltered and unsheltered,11199.0,5228.0,Asian,433.0,247.0,Asian,386404,one race,2195502,0.176,King County,Washington,53033,238.1232173780757,510.0883533697533,112.05888137803956,63.92273371911264,0.2196852381313051,0.26844393597126864,0.04724560061208875,0.03866416644343245
2017,2019,WA-500,Seattle/King County CoC,Sheltered and unsheltered,11643.0,5485.0,Asian,238.0,66.0,Asian,386404,one race,2195502,0.176,King County,Washington,53033,249.82896850014257,530.3115187323901,61.593565284003276,17.08056852413536,0.11614600684373423,0.06836904713924563,0.01203281677301732,0.020441466975865328
2015,2019,WA-500,Seattle/King County CoC,Sheltered and unsheltered,10122.0,3803.0,Asian,291.0,104.0,Asian,386404,one race,2195502,0.176,King County,Washington,53033,173.2177880047479,461.03351306443807,75.30977940186955,26.91483525015269,0.1633499024860338,0.15538147415561593,0.027346831448856166,0.02874925903971547
2019,2019,CA-502,"Oakland, Berkeley/Alameda County CoC",Sheltered and unsheltered,8022.0,6312.0,American Indian or Alaska Native,301.0,242.0,American Indian and Alaska Native,11120,one race,1656754,0.0069999999999999,Alameda County,California,06001,380.9859520484031,484.1998268904134,2706.8345323741005,2176.2589928057555,5.59032527904378,5.712176475549598,0.03833967046894803,0.037521815008726006
2017,2019,CA-502,"Oakland, Berkeley/Alameda County CoC",Sheltered and unsheltered,5629.0,3863.0,American Indian or Alaska Native,168.0,134.0,American Indian and Alaska Native,11120,one race,1656754,0.0069999999999999,Alameda County,California,06001,233.16678275712627,339.76076110273465,1510.7913669064749,1205.0359712230215,4.446632866029081,5.168128825958131,0.03468806626973855,0.02984544324036241
2015,2019,CA-502,"Oakland, Berkeley/Alameda County CoC",Sheltered and unsheltered,4040.0,2397.0,American Indian or Alaska Native,104.0,76.0,American Indian and Alaska Native,11120,one race,1656754,0.0069999999999999,Alameda County,California,06001,144.68050175222152,243.8503241881414,935.2517985611511,683.4532374100719,3.83535187691431,4.7238793695956875,0.03170629954109303,0.02574257425742574
2019,2019,CA-503,Sacramento City & County CoC,Sheltered and unsheltered,5561.0,3900.0,American Indian or Alaska Native,421.0,380.0,American Indian and Alaska Native,10111,one race,1524553,0.0069999999999999,Sacramento County,California,06067,255.8126873909926,364.76265502084874,4163.7820195826325,3758.283058055583,11.415044720914873,14.691542848737983,0.09743589743589744,0.0757058083078583
2017,2019,CA-503,Sacramento City & County CoC,Sheltered and unsheltered,3665.0,2052.0,American Indian or Alaska Native,179.0,131.0,American Indian and Alaska Native,10111,one race,1524553,0.0069999999999999,Sacramento County,California,06067,134.59682936572227,240.39833315076618,1770.349124715656,1295.6186331717931,7.364232112230907,9.62592238819667,0.0638401559454191,0.04884038199181446
2015,2019,CA-503,Sacramento City & County CoC,Sheltered and unsheltered,2659.0,948.0,American Indian or Alaska Native,56.0,5.0,American Indian and Alaska Native,10111,one race,1524553,0.0069999999999999,Sacramento County,California,06067,62.18216093504128,174.41177840324343,553.8522401345069,49.451092869152404,3.1755437918532645,0.795261729820094,0.005274261603375527,0.021060549078600978
2019,2019,CA-600,Los Angeles City & County CoC,Sheltered and unsheltered,56257.0,42471.0,American Indian or Alaska Native,2037.0,1855.0,American Indian and Alaska Native,67610,one race,10098810,0.0066948482048875,Los Angeles Continuum of Care,California,06037,420.5545009758576,557.065634465843,3012.867918946901,2743.6769708622987,5.408461288113507,6.52395103249603,0.04367686185868004,0.03620882734593028
2017,2019,CA-600,Los Angeles City & County CoC,Sheltered and unsheltered,52442.0,38470.0,American Indian or Alaska Native,1569.0,1243.0,American Indian and Alaska Native,67610,one race,10098810,0.0066948482048875,Los Angeles Continuum of Care,California,06037,380.9359716639881,519.2889063166848,2320.6626238722083,1838.4854311492384,4.468923937414076,4.826232143733882,0.032310891603847154,0.029918767400175433
2015,2019,CA-600,Los Angeles City & County CoC,Sheltered and unsheltered,41174.0,28948.0,American Indian or Alaska Native,1458.0,1279.0,American Indian and Alaska Native,67610,one race,10098810,0.0066948482048875,Los Angeles Continuum of Care,California,06037,286.64763472131864,407.71140362082264,2156.4857269634667,1891.7319923088303,5.289245549209678,6.599503233815234,0.0441826723780572,0.035410696070335645
2019,2019,CA-601,San Diego City and County CoC,Sheltered and unsheltered,8102.0,4476.0,American Indian or Alaska Native,237.0,168.0,American Indian and Alaska Native,22524,one race,3316073,0.0069999999999999,San Diego County,California,06073,134.97893442032188,244.3251400074727,1052.2109749600427,745.8710708577518,4.306601338396289,5.5258331536024965,0.03753351206434316,0.029252036534189087
2017,2019,CA-601,San Diego City and County CoC,Sheltered and unsheltered,9160.0,5621.0,American Indian or Alaska Native,288.0,224.0,American Indian and Alaska Native,22524,one race,3316073,0.0069999999999999,San Diego County,California,06073,169.50772796618168,276.23034836687856,1278.6361214704314,994.494761143669,4.6288763310401935,5.866958238872034,0.039850560398505604,0.0314410480349345
2015,2019,CA-601,San Diego City and County CoC,Sheltered and unsheltered,8742.0,4156.0,American Indian or Alaska Native,270.0,179.0,American Indian and Alaska Native,22524,one race,3316073,0.0069999999999999,San Diego County,California,06073,125.32896591842218,263.6250770112721,1198.7213638785295,794.707867163914,4.547068804942538,6.340975219417328,0.043070259865255055,0.03088538091969801
2019,2019,OR-501,"Portland, Gresham/Multnomah County CoC",Sheltered and unsheltered,4015.0,2037.0,American Indian or Alaska Native,257.0,146.0,American Indian and Alaska Native,7217,one race,804606,0.009,Multnomah County,Oregon,41051,253.1673887592188,499.001996007984,3561.0364417347923,2023.0012470555632,7.136317029236524,7.990765544371078,0.07167403043691703,0.06400996264009963
2017,2019,OR-501,"Portland, Gresham/Multnomah County CoC",Sheltered and unsheltered,4177.0,1668.0,American Indian or Alaska Native,234.0,121.0,American Indian and Alaska Native,7217,one race,804606,0.009,Multnomah County,Oregon,41051,207.3064332107889,519.1360740536362,3242.3444644589163,1676.5969239296105,6.245654321691239,8.08752964373686,0.0725419664268585,0.0560210677519751
2015,2019,OR-501,"Portland, Gresham/Multnomah County CoC",Sheltered and unsheltered,3801.0,1887.0,American Indian or Alaska Native,214.0,105.0,American Indian and Alaska Native,7217,one race,804606,0.009,Multnomah County,Oregon,41051,234.52472390213347,472.4051274785423,2965.2210059581544,1454.898157129001,6.276860333385864,6.203602472787159,0.05564387917329094,0.05630097342804525
2019,2019,WA-500,Seattle/King County CoC,Sheltered and unsheltered,11199.0,5228.0,American Indian or Alaska Native,1161.0,841.0,American Indian and Alaska Native,13057,one race,2195502,0.006,King County,Washington,53033,238.1232173780757,510.0883533697533,8891.782185800721,6440.989507543845,17.43184710464314,27.0489773255385,0.1608645753634277,0.10366997053308331
2017,2019,WA-500,Seattle/King County CoC,Sheltered and unsheltered,11643.0,5485.0,American Indian or Alaska Native,697.0,379.0,American Indian and Alaska Native,13057,one race,2195502,0.006,King County,Washington,53033,249.82896850014257,530.3115187323901,5338.132802328253,2902.657578310485,10.066032159904907,11.618578885133685,0.0690975387420237,0.0598642961436056
2015,2019,WA-500,Seattle/King County CoC,Sheltered and unsheltered,10122.0,3803.0,American Indian or Alaska Native,489.0,314.0,American Indian and Alaska Native,13057,one race,2195502,0.006,King County,Washington,53033,173.2177880047479,461.03351306443807,3745.117561461285,2404.8403155395577,8.12330872991837,13.883333480009808,0.08256639495135419,0.048310610551274454
2019,2019,CA-502,"Oakland, Berkeley/Alameda County CoC",Sheltered and unsheltered,8022.0,6312.0,Native Hawaiian or Other Pacific Islander,128.0,91.0,Native Hawaiian and Other Pacific Islander,13900,one race,1656754,0.008,Alameda County,California,06001,380.9859520484031,484.1998268904134,920.863309352518,654.6762589928057,1.9018249454288476,1.718373749669466,0.014416983523447401,0.015956120668162554
2017,2019,CA-502,"Oakland, Berkeley/Alameda County CoC",Sheltered and unsheltered,5629.0,3863.0,Native Hawaiian or Other Pacific Islander,42.0,27.0,Native Hawaiian and Other Pacific Islander,13900,one race,1656754,0.008,Alameda County,California,06001,233.16678275712627,339.76076110273465,302.158273381295,194.24460431654674,0.8893265732058162,0.8330715122439971,0.006989386487186125,0.0074613608100906025
2015,2019,CA-502,"Oakland, Berkeley/Alameda County CoC",Sheltered and unsheltered,4040.0,2397.0,Native Hawaiian or Other Pacific Islander,43.0,11.0,Native Hawaiian and Other Pacific Islander,13900,one race,1656754,0.008,Alameda County,California,06001,144.68050175222152,243.8503241881414,309.3525179856115,79.13669064748201,1.2686163900562717,0.5469755059531849,0.00458906967042136,0.010643564356435644
2019,2019,CA-503,Sacramento City & County CoC,Sheltered and unsheltered,5561.0,3900.0,Native Hawaiian or Other Pacific Islander,123.0,112.0,Native Hawaiian and Other Pacific Islander,17400,one race,1524553,0.011,Sacramento County,California,06067,255.8126873909926,364.76265502084874,706.8965517241379,643.6781609195402,1.937963061716759,2.5162089006778663,0.028717948717948718,0.02211832404243841
2017,2019,CA-503,Sacramento City & County CoC,Sheltered and unsheltered,3665.0,2052.0,Native Hawaiian or Other Pacific Islander,31.0,10.0,Native Hawaiian and Other Pacific Islander,17400,one race,1524553,0.011,Sacramento County,California,06067,134.59682936572227,240.39833315076618,178.16091954022988,57.47126436781609,0.7411071333364695,0.42698824807868974,0.004873294346978557,0.008458390177353342
2015,2019,CA-503,Sacramento City & County CoC,Sheltered and unsheltered,2659.0,948.0,Native Hawaiian or Other Pacific Islander,34.0,7.0,Native Hawaiian and Other Pacific Islander,17400,one race,1524553,0.011,Sacramento County,California,06067,62.18216093504128,174.41177840324343,195.4022988505747,40.229885057471265,1.1203503607353902,0.6469682695572045,0.007383966244725738,0.012786761940579166
2019,2019,CA-600,Los Angeles City & County CoC,Sheltered and unsheltered,56257.0,42471.0,Native Hawaiian or Other Pacific Islander,705.0,616.0,Native Hawaiian and Other Pacific Islander,23460,one race,10098810,0.0023230459826454,Los Angeles Continuum of Care,California,06037,420.5545009758576,557.065634465843,3005.1150895140663,2625.7459505541347,5.394544024234415,6.243533107983235,0.014504014504014505,0.01253177382370194
2017,2019,CA-600,Los Angeles City & County CoC,Sheltered and unsheltered,52442.0,38470.0,Native Hawaiian or Other Pacific Islander,342.0,233.0,Native Hawaiian and Other Pacific Islander,23460,one race,10098810,0.0023230459826454,Los Angeles Continuum of Care,California,06037,380.9359716639881,519.2889063166848,1457.8005115089513,993.1798806479113,2.807301472795033,2.6072094906384025,0.006056667533142709,0.006521490408451241
2015,2019,CA-600,Los Angeles City & County CoC,Sheltered and unsheltered,41174.0,28948.0,Native Hawaiian or Other Pacific Islander,133.0,0.0,Native Hawaiian and Other Pacific Islander,23460,one race,10098810,0.0023230459826454,Los Angeles Continuum of Care,California,06037,286.64763472131864,407.71140362082264,566.92242114237,0.0,1.3904992995231888,0.0,0.0,0.0032301938116286975
2019,2019,CA-601,San Diego City and County CoC,Sheltered and unsheltered,8102.0,4476.0,Native Hawaiian or Other Pacific Islander,102.0,68.0,Native Hawaiian and Other Pacific Islander,13867,one race,3316073,0.004,San Diego County,California,06073,134.97893442032188,244.3251400074727,735.5592413643903,490.37282757626014,3.010575339655564,3.6329582070136093,0.01519213583556747,0.01258948407800543
2017,2019,CA-601,San Diego City and County CoC,Sheltered and unsheltered,9160.0,5621.0,Native Hawaiian or Other Pacific Islander,138.0,98.0,Native Hawaiian and Other Pacific Islander,13867,one race,3316073,0.004,San Diego County,California,06073,169.50772796618168,276.23034836687856,995.1683853753515,706.7137809187279,3.602675778599124,4.169212751525546,0.017434620174346202,0.015065502183406113
2015,2019,CA-601,San Diego City and County CoC,Sheltered and unsheltered,8742.0,4156.0,Native Hawaiian or Other Pacific Islander,159.0,79.0,Native Hawaiian and Other Pacific Islander,13867,one race,3316073,0.004,San Diego County,California,06073,125.32896591842218,263.6250770112721,1146.607052715079,569.6978438018317,4.349385368471802,4.545619918165235,0.01900866217516843,0.01818805765271105
2019,2019,OR-501,"Portland, Gresham/Multnomah County CoC",Sheltered and unsheltered,4015.0,2037.0,Native Hawaiian or Other Pacific Islander,64.0,31.0,Native Hawaiian and Other Pacific Islander,5199,one race,804606,0.006,Multnomah County,Oregon,41051,253.1673887592188,499.001996007984,1231.0059626851316,596.2685131756107,2.466935949221004,2.355234282337631,0.01521845851742759,0.01594022415940224
2017,2019,OR-501,"Portland, Gresham/Multnomah County CoC",Sheltered and unsheltered,4177.0,1668.0,Native Hawaiian or Other Pacific Islander,71.0,19.0,Native Hawaiian and Other Pacific Islander,5199,one race,804606,0.006,Multnomah County,Oregon,41051,207.3064332107889,519.1360740536362,1365.647239853818,365.4548951721485,2.630615185707017,1.7628729099813052,0.011390887290167866,0.016997845343548
2015,2019,OR-501,"Portland, Gresham/Multnomah County CoC",Sheltered and unsheltered,3801.0,1887.0,Native Hawaiian or Other Pacific Islander,56.0,30.0,Native Hawaiian and Other Pacific Islander,5199,one race,804606,0.006,Multnomah County,Oregon,41051,234.52472390213347,472.4051274785423,1077.1302173494903,577.0340450086555,2.2800984889784375,2.4604401421210085,0.01589825119236884,0.014732965009208104
2019,2019,WA-500,Seattle/King County CoC,Sheltered and unsheltered,11199.0,5228.0,Native Hawaiian or Other Pacific Islander,391.0,240.0,Native Hawaiian and Other Pacific Islander,16944,one race,2195502,0.008,King County,Washington,53033,238.1232173780757,510.0883533697533,2307.601510859301,1416.4305949008499,4.523925111433714,5.948309494961756,0.045906656465187455,0.03491383159210644
2017,2019,WA-500,Seattle/King County CoC,Sheltered and unsheltered,11643.0,5485.0,Native Hawaiian or Other Pacific Islander,259.0,72.0,Native Hawaiian and Other Pacific Islander,16944,one race,2195502,0.008,King County,Washington,53033,249.82896850014257,530.3115187323901,1528.5646836638339,424.929178470255,2.882390122917903,1.7008803303369222,0.013126709206927985,0.022245125826676974
2015,2019,WA-500,Seattle/King County CoC,Sheltered and unsheltered,10122.0,3803.0,Native Hawaiian or Other Pacific Islander,239.0,70.0,Native Hawaiian and Other Pacific Islander,16944,one race,2195502,0.008,King County,Washington,53033,173.2177880047479,461.03351306443807,1410.5288007554295,413.1255901794146,3.059492988654562,2.3850067301869187,0.018406521167499343,0.023611934400316142
2019,2019,CA-502,"Oakland, Berkeley/Alameda County CoC",Sheltered and unsheltered,8022.0,6312.0,White,2516.0,2110.0,Non-Hispanic White,520447,one race,1656754,0.314,Alameda County,California,06001,380.9859520484031,484.1998268904134,483.4305894740483,405.42072487688466,0.9984113224052449,1.064135626778641,0.3342839036755387,0.3136374968835702
2017,2019,CA-502,"Oakland, Berkeley/Alameda County CoC",Sheltered and unsheltered,5629.0,3863.0,White,1710.0,1240.0,Non-Hispanic White,520447,one race,1656754,0.314,Alameda County,California,06001,233.16678275712627,339.76076110273465,328.5637154215511,238.25672931153414,0.9670443236445486,1.0218296383996932,0.3209940460781776,0.3037839758394031
2015,2019,CA-502,"Oakland, Berkeley/Alameda County CoC",Sheltered and unsheltered,4040.0,2397.0,White,1279.0,898.0,Non-Hispanic White,520447,one race,1656754,0.314,Alameda County,California,06001,144.68050175222152,243.8503241881414,245.75028773342913,172.5439862272239,1.007791515355222,1.1925863135498462,0.37463496036712557,0.3165841584158416
2019,2019,CA-503,Sacramento City & County CoC,Sheltered and unsheltered,5561.0,3900.0,White,2605.0,1768.0,Non-Hispanic White,681829,one race,1524553,0.447,Sacramento County,California,06067,255.8126873909926,364.76265502084874,382.0606046384064,259.30255239950196,1.0474224797397884,1.0136422670982512,0.4533333333333333,0.46844092789066716
2017,2019,CA-503,Sacramento City & County CoC,Sheltered and unsheltered,3665.0,2052.0,White,1817.0,1070.0,Non-Hispanic White,681829,one race,1524553,0.447,Sacramento County,California,06067,134.59682936572227,240.39833315076618,266.48910503953334,156.93084336395196,1.108531417613467,1.1659326902682412,0.5214424951267057,0.4957708049113233
2015,2019,CA-503,Sacramento City & County CoC,Sheltered and unsheltered,2659.0,948.0,White,1485.0,652.0,Non-Hispanic White,681829,one race,1524553,0.447,Sacramento County,California,06067,62.18216093504128,174.41177840324343,217.7965442948305,95.62514941429596,1.2487490597755426,1.5378228735760882,0.6877637130801688,0.5584806318164723
2019,2019,CA-600,Los Angeles City & County CoC,Sheltered and unsheltered,56257.0,42471.0,White,26152.0,20446.0,Non-Hispanic White,2335886,ethnicity,10098810,0.2313030941269317,Los Angeles Continuum of Care,California,06037,420.5545009758576,557.065634465843,1119.5751847478857,875.2995651328874,2.0097724854655947,2.081298768891633,0.48141084504720866,0.4648665943793661
2017,2019,CA-600,Los Angeles City & County CoC,Sheltered and unsheltered,52442.0,38470.0,White,21089.0,15535.0,Non-Hispanic White,2335886,ethnicity,10098810,0.2313030941269317,Los Angeles Continuum of Care,California,06037,380.9359716639881,519.2889063166848,902.8265934210831,665.0581406798105,1.7385824777672034,1.745852820815877,0.4038211593449441,0.40213950650242175
2015,2019,CA-600,Los Angeles City & County CoC,Sheltered and unsheltered,41174.0,28948.0,White,19514.0,13606.0,Non-Hispanic White,2335886,ethnicity,10098810,0.2313030941269317,Los Angeles Continuum of Care,California,06037,286.64763472131864,407.71140362082264,835.4003577229369,582.4770558152239,2.0489992438373665,2.032031613941323,0.47001519966837085,0.47393986496332635
2019,2019,CA-601,San Diego City and County CoC,Sheltered and unsheltered,8102.0,4476.0,White,5377.0,3100.0,Non-Hispanic White,1510756,one race,3316073,0.456,San Diego County,California,06073,134.97893442032188,244.3251400074727,355.9145222656736,205.19527971426226,1.456724929144778,1.520202249302754,0.6925826630920465,0.6636632930140706
2017,2019,CA-601,San Diego City and County CoC,Sheltered and unsheltered,9160.0,5621.0,White,5700.0,3405.0,Non-Hispanic White,1510756,one race,3316073,0.456,San Diego County,California,06073,169.50772796618168,276.23034836687856,377.29454657138547,225.38384755711712,1.3658692783107138,1.3296375938805767,0.6057640989147839,0.6222707423580786
2015,2019,CA-601,San Diego City and County CoC,Sheltered and unsheltered,8742.0,4156.0,White,5704.0,2666.0,Non-Hispanic White,1510756,one race,3316073,0.456,San Diego County,California,06073,125.32896591842218,263.6250770112721,377.55931467424256,176.46794055426557,1.4321828520816282,1.4080379524485205,0.6414821944177094,0.6524822695035462
2019,2019,OR-501,"Portland, Gresham/Multnomah County CoC",Sheltered and unsheltered,4015.0,2037.0,White,2704.0,1388.0,Non-Hispanic White,560762,one race,804606,0.6970000000000001,Multnomah County,Oregon,41051,253.1673887592188,499.001996007984,482.20100506097066,247.52033839668167,0.9663308141421852,0.9776944005694671,0.6813942071674031,0.6734744707347448
2017,2019,OR-501,"Portland, Gresham/Multnomah County CoC",Sheltered and unsheltered,4177.0,1668.0,White,2880.0,1225.0,Non-Hispanic White,560762,one race,804606,0.6970000000000001,Multnomah County,Oregon,41051,207.3064332107889,519.1360740536362,513.5868692957083,218.45274822473704,0.9893106932165254,1.0537673377584698,0.7344124700239808,0.6894900646396935
2015,2019,OR-501,"Portland, Gresham/Multnomah County CoC",Sheltered and unsheltered,3801.0,1887.0,White,2664.0,1363.0,Non-Hispanic White,560762,one race,804606,0.6970000000000001,Multnomah County,Oregon,41051,234.52472390213347,472.4051274785423,475.06785409853023,243.06211904515644,1.0056365320042147,1.036402964263101,0.7223105458399576,0.7008681925808997
2019,2019,WA-500,Seattle/King County CoC,Sheltered and unsheltered,11199.0,5228.0,White,4742.0,2277.0,Non-Hispanic White,1308660,one race,2195502,0.596,King County,Washington,53033,238.1232173780757,510.0883533697533,362.35538642580957,173.99477327953787,0.710377690515794,0.7306921819525095,0.43553940321346596,0.42343066345209396
2017,2019,WA-500,Seattle/King County CoC,Sheltered and unsheltered,11643.0,5485.0,White,5253.0,2668.0,Non-Hispanic White,1308660,one race,2195502,0.596,King County,Washington,53033,249.82896850014257,530.3115187323901,401.40296180826186,203.87266364067062,0.7569191835918255,0.8160489348558243,0.4864175022789426,0.4511723782530276
2015,2019,WA-500,Seattle/King County CoC,Sheltered and unsheltered,10122.0,3803.0,White,4658.0,2073.0,Non-Hispanic White,1308660,one race,2195502,0.596,King County,Washington,53033,173.2177880047479,461.03351306443807,355.9366069108859,158.40630874329466,0.7720406365797905,0.9144921579240624,0.5450959768603734,0.4601857340446552
